<?xml version="1.0" encoding="UTF-8"?>
<!DOCTYPE mapper
  PUBLIC "-//mybatis.org//DTD Mapper 3.0//EN"
  "https://mybatis.org/dtd/mybatis-3-mapper.dtd">
  
<mapper namespace="com.sc.main.dao.ReservationDAO">
	<insert id="insertReservation">
		insert into reservation(reservdate,reservenddate,usercnt,request,userid,roomno) values(#{reservdate},#{reservenddate},#{usercnt},#{request},#{userid},#{roomno})
	</insert>
	<select id="selectReservation" resultType="com.sc.main.vo.ReservationVO">
		select * from reservation where userid=#{param1} and DATE_ADD(reservenddate, INTERVAL 1 DAY) > now()
	</select>
	<select id="selectReservationByRoom" resultType="com.sc.main.vo.ReservationVO">
		select * from reservation where roomno=#{param1}
	</select>
	<delete id="deleteReservation">
		delete from reservation where reservno=#{param1}
	</delete>
	<select id="selectLastReservation" resultType="com.sc.main.vo.ReservationVO">
		select * from reservation where userid=#{param1} and now() > DATE_ADD(reservenddate, INTERVAL 1 DAY)
	</select>
	<select id="selectRoomnoByReservNo" resultType="int">
		select roomno from reservation where reservno=#{param1}
	</select>
</mapper>