<?xml version="1.0" encoding="UTF-8"?>
<!DOCTYPE mapper
  PUBLIC "-//mybatis.org//DTD Mapper 3.0//EN"
  "https://mybatis.org/dtd/mybatis-3-mapper.dtd">
  
<mapper namespace="com.sc.main.dao.UserDAO">
	<insert id="userInsert">
		insert into user values(#{userid},#{userpw},#{username},#{tel},#{email},#{zipcode},#{addr},#{addrdetail},#{creditcardno})
	</insert>
	<select id="loginIdChk" resultType="int">
		select count(userid) from user where userid=#{userid}
	</select>
	<select id="loginPwChk" resultType="int">
		select count(userid) from user where userid=#{userid} and userpw=#{userpw}
	</select>
	<select id="userSelect" resultType="com.sc.main.vo.UserVO">
		select * from user where userid=#{param1}
	</select>
	<update id="userUpdate">
		update user set zipcode=#{zipcode}, addr=#{addr}, addrdetail=#{addrdetail}, creditcardno=#{creditcardno} where userid=#{userid}
	</update>
	<select id="selectWishList" resultType="com.sc.main.vo.RoomVO">
		select * from room where roomno = any(select roomno from wishlist where userid=#{param1})
	</select>
	<delete id="userDelete">
		delete from user where userid=#{param1}
	</delete>
</mapper>